audit_type,ra_number,congress,house_bill_no,detail,source_page_urls
NO_HOUSE_BILL_IN_LISTING,RA06759,8,,Do not infer missing HB from title,https://www.congress.gov.ph/legislative-documents/republic-acts?page=11
NO_HOUSE_BILL_IN_LISTING,RA06828,8,,Do not infer missing HB from title,https://www.congress.gov.ph/legislative-documents/republic-acts?page=11
NO_HOUSE_BILL_IN_LISTING,RA06955,8,,Do not infer missing HB from title,https://www.congress.gov.ph/legislative-documents/republic-acts?page=10
NO_HOUSE_BILL_IN_LISTING,RA06968,8,,Do not infer missing HB from title,https://www.congress.gov.ph/legislative-documents/republic-acts?page=10
NO_HOUSE_BILL_IN_LISTING,RA07226,8,,Do not infer missing HB from title,https://www.congress.gov.ph/legislative-documents/republic-acts?page=10
NO_HOUSE_BILL_IN_LISTING,RA07227,8,,Do not infer missing HB from title,https://www.congress.gov.ph/legislative-documents/republic-acts?page=10
NO_HOUSE_BILL_IN_LISTING,RA07309,8,,Do not infer missing HB from title,https://www.congress.gov.ph/legislative-documents/republic-acts?page=10
NO_HOUSE_BILL_IN_LISTING,RA07323,8,,Do not infer missing HB from title,https://www.congress.gov.ph/legislative-documents/republic-acts?page=10
NO_HOUSE_BILL_IN_LISTING,RA07324,8,,Do not infer missing HB from title,https://www.congress.gov.ph/legislative-documents/republic-acts?page=10
NO_HOUSE_BILL_IN_LISTING,RA07688,9,,Do not infer missing HB from title,https://www.congress.gov.ph/legislative-documents/republic-acts?page=9
NO_HOUSE_BILL_IN_LISTING,RA09009,11,,Do not infer missing HB from title,https://www.congress.gov.ph/legislative-documents/republic-acts?page=6
RA_METADATA_CONFLICT,RA09243,12,HB02266 | HB04480 | HB04481,"TITLE_CONFLICT; titles=['AN ACT RATIONALIZING THE PROVISIONS ON THE DOCUMENTARY STAMP TAX OF THE NATIONAL INTERNAL REVENUE CODE OF 1997, AS AMENDED, AND FOR OTHER PURPOSES', 'AN ACT RATIONALIZING THE PROVISIONS ON THE DOCUMENTARY STAMP TAX OF THE NATIONAL INTERNAL REVENUE CODE, AS AMENDED, AND FOR OTHER PURPOSES']; origins=['House of Representatives']",https://www.congress.gov.ph/legislative-documents/republic-acts?page=6
NO_HOUSE_BILL_IN_LISTING,RA09415,13,,Do not infer missing HB from title,https://www.congress.gov.ph/legislative-documents/republic-acts?page=5
NO_HOUSE_BILL_IN_LISTING,RA09492,13,,Do not infer missing HB from title,https://www.congress.gov.ph/legislative-documents/republic-acts?page=5
RA_METADATA_CONFLICT,RA09645,14,HB05410,"TITLE_CONFLICT; titles=['AN ACT DECLARING JULY 27 OF EVERY YEAR AS A SPECIAL NATIONAL WORKING HOLIDAY IN RECOGNITION OF THE FOUNDING ANNIVERSARY OF THE IGLESIA NI CRISTO IN THE PHILIPPINES, AMENDING FOR THE PURPOSE SECTION 26, CHAPTER 7 OF EXECUTIVE ORDER NO. 292, OTHERWISE KNOWN AS THE ADMINISTRATIVE CODE OF 1987, AS AMENDED', 'AN ACT DECLARING JULY 27 OF EVERY YEAR AS A SPECIAL NONWORKING HOLIDAY IN RECOGNITION OF THE FOUNDING ANNIVERSARY OF THE IGLESIA NI CRISTO IN THE PHILIPPINES, AMENDING FOR THE PURPOSE SECTION 26, CHAPTER 7 OF EXECUTIVE ORDER NO. 292, OTHERWISE KNOWN AS THE ADMINISTRATIVE CODE OF 1987, AS AMENDED']; origins=['House of Representatives']",https://www.congress.gov.ph/legislative-documents/republic-acts?page=5
RA_METADATA_CONFLICT,RA10172,15,HB04530,"TITLE_CONFLICT; titles=['AN ACT FURTHER AUTHORIZING THE CITY OR MUNICIPAL CIVIL REGISTRAR OR THE CONSUL GENERAL TO CORRECT CLERICAL OR TYPOGRAPHICAL ERRORS IN THE DAY AND MONTH IN THE DATE OF BIRTH OR SEX OF A PERSON APPEARING IN THE CIVIL REGISTER WITHOUT NEED OF A JUDICIAL ORDER, AMENDING FOR THIS PURPOSE REPUBLIC ACT NUMBERED NINETY FORTY-EIGHT', 'AN ACT FURTHER AUTHORIZING THE CITY OR MUNICIPAL CIVIL REGISTRAR OR THE CONSUL GENERAL TO CORRECT CLERICAL OR TYPOGRAPHICAL ERROR IN THE DATE OF BIRTH OR SEX OF A PERSON APPEARING IN THE CIVIL REGISTER WITHOUT NEED OF A JUDICIAL ORDER, AMENDING FOR THE PURPOSE THE PERTINENT PROVISIONS OF REPUBLIC ACT NO. 9048']; origins=['Senate of the Philippines']",https://www.congress.gov.ph/legislative-documents/republic-acts?page=4
NO_HOUSE_BILL_IN_LISTING,RA10563,15,,Do not infer missing HB from title,https://www.congress.gov.ph/legislative-documents/republic-acts?page=3
NO_HOUSE_BILL_IN_LISTING,RA10564,15,,Do not infer missing HB from title,https://www.congress.gov.ph/legislative-documents/republic-acts?page=3
NO_HOUSE_BILL_IN_LISTING,RA10603,15,,Do not infer missing HB from title,https://www.congress.gov.ph/legislative-documents/republic-acts?page=3
RA_METADATA_CONFLICT,RA10654,16,HB04536,"TITLE_CONFLICT; titles=[""AN ACT TO PREVENT, DETER AND ELIMINATE ILLEGAL, UNREPORTED AND UNREGULATED FISHING, AMENDING REPUBLIC ACT NO. 8550, OTHERWISE KNOWN AS \\'THE PHILIPPINE FISHERIES CODE OF 1998,\\' AND FOR OTHER PURPOSES"", 'AN ACT TO PREVENT, DETER AND ELIMINATE ILLEGAL, UNREPORTED AND UNREGULATED FISHING, AMENDING REPUBLIC ACT NO. 8550, OTHERWISE KNOWN AS THE PHILIPPINE FISHERIES CODE OF 1998, AND FOR OTHER PURPOSES']; origins=['Senate of the Philippines']",https://www.congress.gov.ph/legislative-documents/republic-acts?page=3
RA_METADATA_CONFLICT,RA10657,16,HB05016,"TITLE_CONFLICT; titles=['AN ACT REGULATING AND MODERNIZING THE PRACTICE OF CHEMISTRY IN THE PHILIPPINES, REPEALING FOR THE PURPOSE REPUBLIC ACT NUMBERED SEVEN HUNDRED FIFTY-FOUR (R.A.NO.754), OTHERWISE KNOWN AS THE CHEMISTRY LAW OF THE PHILIPPINES', 'AN ACT REGULATING AND MODERNIZING THE PRACTICE OF CHEMISTRY IN THE PHILIPPINES, REPEALING FOR THE PURPOSE REPUBLIC ACT NUMBERED SEVEN HUNDRED FIFTY-FOUR (R.A. NO. 754), OTHERWISE KNOWN AS THE CHEMISTRY LAW OF THE PHILIPPINES']; origins=['House of Representatives']",https://www.congress.gov.ph/legislative-documents/republic-acts?page=3
RA_METADATA_CONFLICT,RA10666,16,HB04462,"TITLE_CONFLICT; titles=['AN ACT PROVIDING FOR THE SAFETY OF CHILDREN ABOARD MOTORCYLES', 'AN ACT PROVIDING FOR THE SAFETY OF CHILDREN ABOARD MOTORCYCLES']; origins=['Senate of the Philippines']",https://www.congress.gov.ph/legislative-documents/republic-acts?page=3
LINK_REVIEW,RA09243,12,HB02266,RA_METADATA_CONFLICT_REVIEW,https://www.congress.gov.ph/legislative-documents/republic-acts?page=6
LINK_REVIEW,RA09243,12,HB04480,RA_METADATA_CONFLICT_REVIEW,https://www.congress.gov.ph/legislative-documents/republic-acts?page=6
LINK_REVIEW,RA09243,12,HB04481,RA_METADATA_CONFLICT_REVIEW,https://www.congress.gov.ph/legislative-documents/republic-acts?page=6
LINK_REVIEW,RA09645,14,HB05410,RA_METADATA_CONFLICT_REVIEW,https://www.congress.gov.ph/legislative-documents/republic-acts?page=5
LINK_REVIEW,RA10172,15,HB04530,RA_METADATA_CONFLICT_REVIEW,https://www.congress.gov.ph/legislative-documents/republic-acts?page=4
LINK_REVIEW,RA10654,16,HB04536,RA_METADATA_CONFLICT_REVIEW,https://www.congress.gov.ph/legislative-documents/republic-acts?page=3
LINK_REVIEW,RA10657,16,HB05016,RA_METADATA_CONFLICT_REVIEW,https://www.congress.gov.ph/legislative-documents/republic-acts?page=3
LINK_REVIEW,RA10666,16,HB04462,RA_METADATA_CONFLICT_REVIEW,https://www.congress.gov.ph/legislative-documents/republic-acts?page=3
