validated_file,original_source_page,original_source_url,note
page_0000.html,0,https://www.congress.gov.ph/legislative-documents/republic-acts,original capture
page_0001.html,2,https://www.congress.gov.ph/legislative-documents/republic-acts?page=2,renumbered after duplicate page 1
page_0002.html,3,https://www.congress.gov.ph/legislative-documents/republic-acts?page=3,renumbered after duplicate page 1
page_0003.html,4,https://www.congress.gov.ph/legislative-documents/republic-acts?page=4,renumbered after duplicate page 1
page_0004.html,5,https://www.congress.gov.ph/legislative-documents/republic-acts?page=5,renumbered after duplicate page 1
page_0005.html,6,https://www.congress.gov.ph/legislative-documents/republic-acts?page=6,renumbered after duplicate page 1
page_0006.html,7,https://www.congress.gov.ph/legislative-documents/republic-acts?page=7,renumbered after duplicate page 1
page_0007.html,8,https://www.congress.gov.ph/legislative-documents/republic-acts?page=8,renumbered after duplicate page 1
page_0008.html,9,https://www.congress.gov.ph/legislative-documents/republic-acts?page=9,renumbered after duplicate page 1
page_0009.html,10,https://www.congress.gov.ph/legislative-documents/republic-acts?page=10,renumbered after duplicate page 1
page_0010.html,11,https://www.congress.gov.ph/legislative-documents/republic-acts?page=11,renumbered after duplicate page 1
page_0011.html,12,https://www.congress.gov.ph/legislative-documents/republic-acts?page=12,renumbered after duplicate page 1
